subreddit,label
askaconservative,1
benshapiro,1
conservative,1
conservatives,1
conservativelounge,1
conservativesonly,1
cringeanarchy,1
jordanpeterson,1
latestagesocialism,1
louderwithcrowder,1
newpatriotism,1
metacanada,1
paleoconservative,1
republican,1
rightwinglgbt,1
shitpoliticssays,1
the_donald,1
thenewright,1
tuesday,1
walkaway,1
againsthatesubreddits,-1
accidentallycommunist,-1
anarchafeminism,-1
anarchism,-1
anarchocommunism,-1
anarchosyndicalism,-1
anarchy101,-1
ani_communism,-1
antiwork,-1
antifascistsofreddit,-1
antifastonetoss,-1
askaliberal,-1
bannedfromthe_donald,-1
beto2020,-1
bluemidterm2018,-1
breadtube,-1
centerleftpolitics,-1
circlebroke,-1
circlebroke2,-1
chapotraphouse,-1
chapotraphouse2,-1
chomsky,-1
communism,-1
communism101,-1
completeanarchy,-1
dankleft,-1
debateacommunist,-1
debateanarchism,-1
debatecommunism,-1
democrat,-1
democraticsocialism,-1
demsocialists,-1
elizabethwarren,-1
esist,-1
enlightenedcentrism,-1
enoughtrumpspam,-1
enoughlibertarianspam,-1
fragilewhiteredditor,-1
fuckthealtright,-1
fullcommunism,-1
greenparty,-1
impeach_trump,-1
ironfrontusa,-1
iww,-1
keep_track,-1
latestagecapitalism,-1
leftwithoutedge,-1
liberal,-1
libertarianleft,-1
libertariansocialism,-1
marchagainsttrump,-1
moretankiechapo,-1
neoliberal,-1
ndp,-1
onguardforthee,-1
ourpresident,-1
pete_buttigieg,-1
progressive,-1
politics,-1
political_revolution,-1
politicalhumor,-1
pragerurine,-1
presidentialracememes,-1
russialago,-1
sandersforpresident,-1
selfawarewolves,-1
shitliberalssay,-1
shitthe_donaldSays,-1
socialdemocracy,-1
socialism,-1
socialism_101,-1
socialistra,-1
stupidpol,-1
the_mueller,-1
threearrows,-1
toiletpaperusa,-1
topmindsofreddit,-1
tulsi,-1
voteblue,-1
wayofthebern,-1
yangforpresidenthq,-1
